date,power_demand,load_shed,rainfall,mean_apparent_temperature
2016-01-01,129,0,0,21
2016-01-02,140,0,0,21
2016-01-03,139,0,0,21.2
2016-01-04,138,0,0,21.2
2016-01-05,139,0,0,20.3
2016-01-06,137,0,0,20.2
2016-01-07,125,0,0,20.1
2016-01-08,134,0,0,22
2016-01-09,147,0,0.4,23.1
2016-01-10,126,0,0.1,22.9
2016-01-11,140,0,0,19.8
2016-01-12,138,0,0,19
2016-01-13,139,0,0,19.9
2016-01-14,141,0,0,19.9
2016-01-15,132,0,0,19.3
2016-01-16,398,0,0,21.2
2016-01-17,140,0,0,20.9
2016-01-18,126,0,0,19.8
2016-01-19,137,0,0,21.5
2016-01-20,113,0,1.5,22.6
2016-01-21,120,0,2.4,19.6
2016-01-22,134,0,0,16.7
2016-01-23,130,0,0,16.3
2016-01-24,127,0,0,15.2
2016-01-25,138,0,0,15.9
2016-01-26,136,0,0,17.4
2016-01-27,140,0,0,18.2
2016-01-28,142,0,1.3,21
2016-01-29,138,0,0,20.7
2016-01-30,146,0,0,20.3
2016-01-31,147,0,0.5,22.2
2016-02-01,138,0,0.1,24.3
2016-02-02,134,0,0.2,24.2
2016-02-03,126,0,0.2,24.4
2016-02-04,136,0,0,22.8
2016-02-05,140,0,0,20.8
2016-02-06,147,0,0,20.3
2016-02-07,144,0,0,21.7
2016-02-08,145,0,0,23.2
2016-02-09,142,0,2,24.1
2016-02-10,147,0,0,24.3
2016-02-11,144,0,0,24.9
2016-02-12,131,0,2.9,26.5
2016-02-13,147,0,0.4,27
2016-02-14,152,0,0,28
2016-02-15,150,0,0,29.1
2016-02-16,154,0,0.2,29.8
2016-02-17,147,0,0,30.4
2016-02-18,127,0,0,29.3
2016-02-19,142,0,0,30
2016-02-20,137,0,0,30.6
2016-02-21,132,0,0,31.4
2016-02-22,140,0,0,31.1
2016-02-23,153,0,1.3,30.5
2016-02-24,104,0,14.5,28.4
2016-02-25,124,0,2.9,27.2
2016-02-26,135,0,0,28.2
2016-02-27,138,0,0.8,27.5
2016-02-28,147,0,0.2,29.1
2016-02-29,151,0,0,28.7
2016-03-01,123,0,0,28.6
2016-03-02,144,0,0,29.2
2016-03-03,143,0,0,28.9
2016-03-04,137,0,0,29.4
2016-03-05,145,0,0,30.7
2016-03-06,89,0,1.5,31.5
2016-03-07,145,0,0,31.2
2016-03-08,149,0,0,31.1
2016-03-09,149,0,0,31.1
2016-03-10,144,0,0,32.3
2016-03-11,152,0,0.5,33.1
2016-03-12,139,0,0,32.6
2016-03-13,136,7,0,31.4
2016-03-14,156,0,0,29.4
2016-03-15,150,11,0,29.8
2016-03-16,159,0,0.7,30.3
2016-03-17,151,0,2.6,30.8
2016-03-18,151,0,0,31.2
2016-03-19,143,0,1.8,31.8
2016-03-20,130,0,7.4,30.4
2016-03-21,153,0,2.9,32.6
2016-03-22,167,7,0,33.2
2016-03-23,156,0,0.2,32.7
2016-03-24,159,7,0,32.1
2016-03-25,149,0,0,31.7
2016-03-26,152,0,0,31.9
2016-03-27,151,0,0.8,31.1
2016-03-28,142,0,11.8,31.1
2016-03-29,140,0,2.4,31.6
2016-03-30,162,0,0.2,31.5
2016-03-31,131,0,44.5,30
2016-04-01,133,0,34.4,27.2
2016-04-02,144,0,21.3,28.7
2016-04-03,163,0,2.6,31.3
2016-04-04,170,0,2.3,32.3
2016-04-05,152,0,1.9,32.2
2016-04-06,157,0,0,33.9
2016-04-07,176,0,0,34.6
2016-04-08,157,0,0,35
2016-04-09,149,0,0,35.1
2016-04-10,123,0,0,35.3
2016-04-11,159,0,0,36
2016-04-12,180,7,0,37
2016-04-13,167,6,0,36.1
2016-04-14,171,0,0.8,34.6
2016-04-15,173,0,0.2,34
2016-04-16,140,0,0.3,33.5
2016-04-17,160,0,0,33.9
2016-04-18,156,0,0,33.8
2016-04-19,160,9,0,34.6
2016-04-20,173,9,0,33.8
2016-04-21,175,13,0,33.3
2016-04-22,181,0,0.2,34.1
2016-04-23,155,0,0,34.4
2016-04-24,158,15,0.5,36.3
2016-04-25,175,20,0.8,35.3
2016-04-26,153,16,0.1,34.9
2016-04-27,164,14,0,35.1
2016-04-28,158,8,0,35.9
2016-04-29,156,0,0,36.6
2016-04-30,168,16,0,36.6
2016-05-01,125,0,0.4,36.3
2016-05-02,89,0,25.8,32.8
2016-05-03,154,9,16,32.3
2016-05-04,168,0,13,33.1
2016-05-05,179,0,6.1,34.3
2016-05-06,150,0,1.8,34.8
2016-05-07,146,0,0.5,35
2016-05-08,173,0,3.8,34.3
2016-05-09,187,0,0,35.8
2016-05-10,165,6,0,36.4
2016-05-11,150,7,0,37.2
2016-05-12,161,0,0,36.5
2016-05-13,74,0,29.1,33.5
2016-05-14,164,0,1,34.6
2016-05-15,177,0,0,34.4
2016-05-16,135,7,0,34.2
2016-05-17,150,8,0,34.4
2016-05-18,158,5,0.3,34.3
2016-05-19,121,0,10.2,31.7
2016-05-20,125,0,36.5,31.2
2016-05-21,62,0,43.2,28.4
2016-05-22,156,0,4.4,33
2016-05-23,158,0,5.2,34.6
2016-05-24,132,0,5.2,35.7
2016-05-25,97,0,3.1,36.4
2016-05-26,171,0,3,36
2016-05-27,150,0,0.3,35.6
2016-05-28,138,0,12.9,35.7
2016-05-29,143,0,1.2,36.9
2016-05-30,126,5,2.6,36.5
2016-05-31,183,0,10.6,36
2016-06-01,155,5,7.9,35.6
2016-06-02,162,6,3.2,34.8
2016-06-03,150,5,0.7,35.1
2016-06-04,149,6,3.6,34.8
2016-06-05,178,0,7.5,34
2016-06-06,158,4,10.5,32.9
2016-06-07,185,0,11.2,32.8
2016-06-08,164,4,8.8,33
2016-06-09,173,0,11.2,32.2
2016-06-10,151,0,3.7,35.2
2016-06-11,149,0,1.8,35.3
2016-06-12,139,0,32.4,35
2016-06-13,153,0,21,34.4
2016-06-14,175,0,14.4,33.8
2016-06-15,187,0,28.3,32.7
2016-06-16,180,0,2.5,33.4
2016-06-17,186,0,6.7,32.6
2016-06-18,151,0,5.9,32.1
2016-06-19,172,0,5.4,32.9
2016-06-20,169,0,0.7,34.2
2016-06-21,175,14,3.3,34.2
2016-06-22,176,6,4.5,34.3
2016-06-23,174,0,0.6,35.1
2016-06-24,194,0,10.2,34.3
2016-06-25,165,0,2.4,34.1
2016-06-26,168,6,3.1,34.6
2016-06-27,175,7,2.8,33.2
2016-06-28,,,1.5,34.1
2016-06-29,193,0,4.2,34.9
2016-06-30,189,0,1.4,34.7
2016-07-01,178,0,15,32.9
2016-07-02,174,0,11.3,32
2016-07-03,160,0,24.1,31.8
2016-07-04,130,0,28.7,31.6
2016-07-05,167,0,24.9,31.7
2016-07-06,170,0,16.3,32.2
2016-07-07,176,0,2,33.8
2016-07-08,153,0,6.7,33.3
2016-07-09,177,0,17,32.4
2016-07-10,179,0,3.6,32.8
2016-07-11,181,0,12.4,32.4
2016-07-12,190,0,18.4,33
2016-07-13,165,0,10.6,33.9
2016-07-14,161,0,19.2,34
2016-07-15,178,0,14.9,32.4
2016-07-16,162,0,40.7,31.7
2016-07-17,177,0,18.1,31.3
2016-07-18,175,0,1.9,32.7
2016-07-19,180,0,27,32.8
2016-07-20,165,0,8.2,33.7
2016-07-21,171,0,1.1,32.7
2016-07-22,157,0,7.5,31.7
2016-07-23,140,0,8.5,31.7
2016-07-24,188,0,5.7,31.2
2016-07-25,143,0,26.2,30.6
2016-07-26,175,4,9.8,31.6
2016-07-27,175,0,0.8,33
2016-07-28,183,0,0.3,34.3
2016-07-29,173,0,12.5,34.3
2016-07-30,165,18,6,34.4
2016-07-31,159,10,3.6,34.7
2016-08-01,152,0,15.4,32.1
2016-08-02,167,0,31.8,30.8
2016-08-03,189,5,2.6,32.3
2016-08-04,170,7,3.1,32
2016-08-05,173,0,6.3,31.9
2016-08-06,166,0,13.4,31.3
2016-08-07,186,0,11.1,32
2016-08-08,164,4,20.8,31.9
2016-08-09,139,5,11.5,30.2
2016-08-10,156,0,20.4,30.2
2016-08-11,177,0,18.4,31.6
2016-08-12,176,0,17.3,32.4
2016-08-13,163,4,13,33.6
2016-08-14,170,6,14.3,34.3
2016-08-15,172,0,12.3,34.2
2016-08-16,162,0,4.9,32.7
2016-08-17,125,0,18.6,29.2
2016-08-18,187,5,11.6,32
2016-08-19,178,0,0.4,34.1
2016-08-20,191,19,1.8,35.4
2016-08-21,,,247.3,30.4
2016-08-22,170,20,3.9,32.1
2016-08-23,161,3,0.3,34
2016-08-24,150,7,2.5,35.7
2016-08-25,195,12,0.7,36.3
2016-08-26,135,7,0.5,35.4
2016-08-27,180,2,0.9,35.2
2016-08-28,170,10,18.7,33.5
2016-08-29,175,7,5,35.2
2016-08-30,175,13,4.7,34.4
2016-08-31,163,7,11.7,33
2016-09-01,,,6.5,32.7
2016-09-02,167,8,12.7,33.1
2016-09-03,90,7,9.5,33.6
2016-09-04,150,18,3.1,33.9
2016-09-05,160,7,6.4,33.1
2016-09-06,160,7,5.8,33.1
2016-09-07,163,7,1,33.7
2016-09-08,175,0,0.7,33.5
2016-09-09,191,5,0.1,33.6
2016-09-10,170,6,0.9,33.7
2016-09-11,178,0,13.3,33.4
2016-09-12,156,0,13.4,32.4
2016-09-13,157,0,19.6,32.9
2016-09-14,173,0,3,34.1
2016-09-15,164,0,0,34.3
2016-09-16,164,0,4,34.4
2016-09-17,176,0,8.4,33.7
2016-09-18,163,5,0.7,34.2
2016-09-19,170,7,1.8,35.2
2016-09-20,173,1,3,34.5
2016-09-21,169,0,9,33.9
2016-09-22,176,2,4.9,33.9
2016-09-23,187,0,7.1,32.5
2016-09-24,188,0,9.2,32.6
2016-09-25,197,0,10.1,33.4
2016-09-26,181,0,4,34.2
2016-09-27,179,0,4.5,34.2
2016-09-28,172,5,16.8,33.4
2016-09-29,171,0,1,33.9
2016-09-30,172,0,0.6,34
2016-10-01,177,4,0.9,34.2
2016-10-02,162,6,2.6,34.3
2016-10-03,175,7,5.5,34.2
2016-10-04,175,8,10.4,34.7
2016-10-05,175,6,16.7,33
2016-10-06,168,0,3.5,33
2016-10-07,183,0,3.3,33.2
2016-10-08,170,0,9,32.7
2016-10-09,183,0,13.1,32.5
2016-10-10,167,0,9,31.1
2016-10-11,141,0,46.8,29.7
2016-10-12,183,0,9.6,31.5
2016-10-13,161,0,0.7,32.6
2016-10-14,169,0,1.6,32.4
2016-10-15,179,0,0.5,32.4
2016-10-16,198,0,0,32.5
2016-10-17,180,6,0,32.8
2016-10-18,151,0,0,33.4
2016-10-19,157,0,0,33.7
2016-10-20,178,0,0,32.8
2016-10-21,175,0,0,32
2016-10-22,177,0,0,30.5
2016-10-23,165,0,0,29.4
2016-10-24,168,0,0,29.4
2016-10-25,156,0,0,31.1
2016-10-26,164,0,0.6,31.8
2016-10-27,155,0,13.5,31.7
2016-10-28,148,0,12.2,31.4
2016-10-29,163,0,4.8,31.1
2016-10-30,169,0,0.4,30.9
2016-10-31,156,0,0.5,31.8
2016-11-01,174,0,0.2,31.7
2016-11-02,180,0,1.6,31.9
2016-11-03,174,0,0.6,32.7
2016-11-04,150,0,14.6,29.4
2016-11-05,86,0,122.3,25.5
2016-11-06,130,0,49.1,24.8
2016-11-07,145,0,0,27.6
2016-11-08,150,0,0,27.2
2016-11-09,144,0,0,26.2
2016-11-10,146,0,0,26.1
2016-11-11,139,0,0,26.1
2016-11-12,131,0,0,27.2
2016-11-13,149,0,0,27.5
2016-11-14,144,0,0,25.6
2016-11-15,142,0,0,24.8
2016-11-16,139,0,0,24.6
2016-11-17,145,0,0,24.2
2016-11-18,109,0,0,23.6
2016-11-19,154,0,0,23.4
2016-11-20,141,0,0,24.5
2016-11-21,144,0,0,23.9
2016-11-22,144,0,0,24.2
2016-11-23,143,0,0,24.5
2016-11-24,142,0,0,24.7
2016-11-25,136,0,0,24.4
2016-11-26,143,0,0,25.6
2016-11-27,144,0,0,25.6
2016-11-28,144,0,0,25
2016-11-29,150,0,0,25.5
2016-11-30,147,0,0,25.6
2016-12-01,143,0,0,25
2016-12-02,136,0,0,25.8
2016-12-03,143,0,0,24.3
2016-12-04,147,0,0,23.8
2016-12-05,146,0,0,23.9
2016-12-06,150,0,0,23.6
2016-12-07,140,0,0,22.8
2016-12-08,148,0,0,22
2016-12-09,139,0,0,22
2016-12-10,145,0,0,22.5
2016-12-11,146,0,0,22.8
2016-12-12,142,0,0,21.2
2016-12-13,142,0,0,20.4
2016-12-14,143,0,0,19.9
2016-12-15,144,0,0,20.2
2016-12-16,133,0,0,20.4
2016-12-17,147,0,0,20.5
2016-12-18,145,0,0,21.6
2016-12-19,138,0,0,21.2
2016-12-20,,,0,21.8
2016-12-21,144,0,0,21
2016-12-22,141,0,0,21.4
2016-12-23,139,0,0,22.3
2016-12-24,143,0,0,21.8
2016-12-25,144,0,0,22.3
2016-12-26,149,0,0,22.5
2016-12-27,152,0,0,22.5
2016-12-28,141,0,0,21.1
2016-12-29,150,0,0,21.8
2016-12-30,142,0,0,22.3
2016-12-31,146,0,0,21.5
2017-01-01,146,0,0,21.6
2017-01-02,147,0,0,21
2017-01-03,150,0,0,21.2
2017-01-04,145,0,0,21
2017-01-05,141,0,0,20.3
2017-01-06,139,0,0,20.1
2017-01-07,151,0,0,19.5
2017-01-08,146,0,0,19.3
2017-01-09,140,0,0,19.6
2017-01-10,140,0,0,19.6
2017-01-11,145,0,0,19.4
2017-01-12,146,0,0,18.3
2017-01-13,141,0,0,16.2
2017-01-14,144,0,0,14.3
2017-01-15,,,0,15.4
2017-01-16,143,0,0,16.9
2017-01-17,144,0,0,17.9
2017-01-18,147,0,0,18.7
2017-01-19,,,0,19.4
2017-01-20,135,0,0,19.4
2017-01-21,140,0,0,19.1
2017-01-22,146,0,0,20.1
2017-01-23,146,0,0,20.3
2017-01-24,146,0,0,20.5
2017-01-25,149,0,0,21.1
2017-01-26,147,0,0,22.3
2017-01-27,136,0,0,22.5
2017-01-28,150,0,0,23.2
2017-01-29,150,0,0,21.4
2017-01-30,149,0,0,20.4
2017-01-31,149,0,0,21
2017-02-01,147,0,0,21.6
2017-02-02,148,0,0,21.3
2017-02-03,132,0,0,20.7
2017-02-04,145,0,0,22.3
2017-02-05,146,0,0,23.1
2017-02-06,147,0,0,22.3
2017-02-07,148,0,0,23.2
2017-02-08,148,0,0,21.9
2017-02-09,149,0,0,20.9
2017-02-10,140,0,0,23.4
2017-02-11,147,0,0,24.5
2017-02-12,148,0,0,24.8
2017-02-13,144,0,0,24.8
2017-02-14,146,0,0,25.5
2017-02-15,150,0,0,24.7
2017-02-16,145,0,0,23.7
2017-02-17,144,0,0,24
2017-02-18,146,0,0,25.4
2017-02-19,150,0,0,26.3
2017-02-20,155,0,0.8,26.8
2017-02-21,148,0,0,27.4
2017-02-22,154,0,0,27.3
2017-02-23,157,0,2,28.1
2017-02-24,145,0,0,25.4
2017-02-25,149,0,0,23.7
2017-02-26,152,0,0,23.8
2017-02-27,147,0,0,24.3
2017-02-28,150,0,0,26
2017-03-01,148,0,0,25.3
2017-03-02,149,0,0,26.6
2017-03-03,153,0,0,28.3
2017-03-04,158,0,0,28.3
2017-03-05,120,0,10.5,27
2017-03-06,159,0,2.3,27.1
2017-03-07,146,0,0.3,28.5
2017-03-08,123,0,8.9,28.1
2017-03-09,126,0,9.8,26.1
2017-03-10,136,0,9.8,27.2
2017-03-11,140,0,36.8,27.7
2017-03-12,153,0,2.6,27.2
2017-03-13,146,0,0,23.8
2017-03-14,147,0,0,23.7
2017-03-15,151,0,0,23.8
2017-03-16,140,0,0,25.1
2017-03-17,147,0,0,26.4
2017-03-18,152,0,8.3,27
2017-03-19,122,0,0.6,29.3
2017-03-20,149,0,2.8,24.3
2017-03-21,147,0,0,24.8
2017-03-22,157,0,0,26.8
2017-03-23,257,0,0,28.4
2017-03-24,169,0,0,29.5
2017-03-25,165,0,0.3,30.9
2017-03-26,165,0,0,30.5
2017-03-27,169,0,0.4,30.8
2017-03-28,170,0,0,30.5
2017-03-29,136,0,1.9,30.4
2017-03-30,180,0,0,30.8
2017-03-31,176,0,0,31.4
2017-04-01,189,0,0.1,31.6
2017-04-02,171,0,0.1,30.6
2017-04-03,178,0,8.6,30.6
2017-04-04,170,0,4.6,30.3
2017-04-05,22,0,1.5,31.1
2017-04-06,154,0,0.8,32.4
2017-04-07,180,0,0.4,33.6
2017-04-08,155,0,0.4,34.1
2017-04-09,163,0,0.3,33.9
2017-04-10,,,0,34.2
2017-04-11,203,0,0,34.4
2017-04-12,170,0,0,33.5
2017-04-13,182,0,0,33
2017-04-14,184,0,0,31.9
2017-04-15,169,0,0,31.7
2017-04-16,178,0,0.2,32.7
2017-04-17,188,0,0,32.6
2017-04-18,189,0,0.2,32.8
2017-04-19,189,0,20.7,31.4
2017-04-20,145,0,9.2,31.7
2017-04-21,141,0,28.5,30.8
2017-04-22,150,0,17.3,31.4
2017-04-23,65,0,15.9,31.2
2017-04-24,136,0,18.7,32.1
2017-04-25,169,0,0,32.9
2017-04-26,171,0,0.3,33.7
2017-04-27,195,0,0,34.2
2017-04-28,185,0,0.1,34
2017-04-29,199,0,0,33.7
2017-04-30,174,0,0,32.9
2017-05-01,179,0,0.6,33.3
2017-05-02,114,0,4.8,32.9
2017-05-03,206,0,0,34.7
2017-05-04,204,0,0,35.4
2017-05-05,193,0,0,34.1
2017-05-06,182,0,0.1,33.9
2017-05-07,157,0,0.4,34.5
2017-05-08,121,0,0,35
2017-05-09,117,0,9.1,33.6
2017-05-10,144,0,0.3,35
2017-05-11,168,0,0.8,36.1
2017-05-12,135,0,0,36.5
2017-05-13,182,0,0.3,36.3
2017-05-14,140,0,1.3,35.7
2017-05-15,148,0,1.6,34.9
2017-05-16,153,0,2.9,34.9
2017-05-17,142,0,6.6,34.4
2017-05-18,113,0,3.6,36.9
2017-05-19,146,0,5.7,36.6
2017-05-20,153,0,1,37
2017-05-21,153,0,0.1,37.5
2017-05-22,153,0,0,37.1
2017-05-23,166,0,0,37.6
2017-05-24,167,0,0,37.4
2017-05-25,170,0,0.4,36.9
2017-05-26,201,0,0,37.5
2017-05-27,172,0,0.6,37
2017-05-28,188,0,3,36.7
2017-05-29,182,0,11.3,35.2
2017-05-30,183,0,20.5,30.1
2017-05-31,212,0,29.4,33.4
2017-06-01,114,0,25.6,34
2017-06-02,188,0,23.3,34.1
2017-06-03,195,0,0.6,35
2017-06-04,186,0,2.1,35.4
2017-06-05,127,0,14.9,34.6
2017-06-06,185,0,1.6,36.8
2017-06-07,172,0,0.2,37.4
2017-06-08,170,0,6.2,36.1
2017-06-09,185,0,4.6,35.1
2017-06-10,194,0,0.3,34.9
2017-06-11,112,0,20.6,31.8
2017-06-12,171,0,52.9,30.4
2017-06-13,174,0,4.6,34.7
2017-06-14,188,0,22.3,33.5
2017-06-15,196,0,14.1,31.6
2017-06-16,,,33,31.9
2017-06-17,206,0,9.9,33.6
2017-06-18,201,0,21.8,34.4
2017-06-19,151,0,17.8,33.5
2017-06-20,181,0,38.7,33.2
2017-06-21,185,0,31.7,33.2
2017-06-22,200,0,1.9,33.3
2017-06-23,193,0,2.3,34
2017-06-24,190,0,6.6,33.1
2017-06-25,183,0,7,32.4
2017-06-26,172,0,3.5,33
2017-06-27,186,0,1.8,33.3
2017-06-28,188,0,9.4,32.8
2017-06-29,182,0,5.6,33.1
2017-06-30,167,0,9.1,32.9
2017-07-01,188,0,14,33.1
2017-07-02,180,0,13.5,32.5
2017-07-03,187,0,11.4,32.3
2017-07-04,180,0,3.5,33.1
2017-07-05,190,0,15.8,32.3
2017-07-06,163,0,8.6,33.3
2017-07-07,173,0,12.1,33
2017-07-08,178,0,4.1,33.1
2017-07-09,174,0,2.4,32.1
2017-07-10,172,0,12,32.4
2017-07-11,164,0,19.2,32
2017-07-12,172,0,16.7,31.5
2017-07-13,162,0,6.8,32
2017-07-14,169,0,3,32
2017-07-15,164,0,0.7,33.2
2017-07-16,179,0,0.2,33.7
2017-07-17,144,0,0.5,34.2
2017-07-18,159,0,0.3,33
2017-07-19,168,0,16,31.1
2017-07-20,169,0,12,31.3
2017-07-21,175,0,12.6,31.8
2017-07-22,186,0,28.1,31.8
2017-07-23,162,0,28,31.1
2017-07-24,138,0,59.5,29.8
2017-07-25,157,0,27,30.3
2017-07-26,168,0,17.8,33.1
2017-07-27,168,0,16.9,33.5
2017-07-28,148,0,10,35
2017-07-29,158,0,3.9,35.1
2017-07-30,133,0,2.2,35.1
2017-07-31,146,0,7.6,34.7
2017-08-01,179,0,4.2,35.6
2017-08-02,157,0,19.9,35.3
2017-08-03,180,0,13.6,35.1
2017-08-04,180,0,12.8,34.7
2017-08-05,215,0,10.3,33.9
2017-08-06,215,0,9.2,33.5
2017-08-07,198,0,18,32.4
2017-08-08,219,0,4.1,33
2017-08-09,216,0,6,33
2017-08-10,191,0,16.1,32.3
2017-08-11,186,0,6.9,32.8
2017-08-12,186,0,16.6,32.6
2017-08-13,174,0,12.7,32.5
2017-08-14,176,0,8.4,32.7
2017-08-15,179,0,10,33.4
2017-08-16,183,0,33.6,32.9
2017-08-17,165,0,7.6,33.1
2017-08-18,185,0,1.6,32.4
2017-08-19,160,0,1.9,32.6
2017-08-20,170,0,0.7,33.7
2017-08-21,165,0,2,34.9
2017-08-22,179,0,12.8,34.9
2017-08-23,183,0,8.1,33.7
2017-08-24,169,0,6.3,33.6
2017-08-25,181,0,7.6,33.8
2017-08-26,175,0,7.6,33.1
2017-08-27,165,0,14.5,31.6
2017-08-28,165,0,7.3,32.3
2017-08-29,181,0,16.6,32.6
2017-08-30,185,0,9.2,34.2
2017-08-31,193,0,16.2,33.4
2017-09-01,197,0,19.2,32
2017-09-02,193,0,9.4,32.7
2017-09-03,201,0,4.6,34.2
2017-09-04,201,0,8.8,35.6
2017-09-05,206,0,15.9,35.6
2017-09-06,178,0,0.8,35.5
2017-09-07,188,0,0.9,35.4
2017-09-08,212,0,3.1,33.9
2017-09-09,209,0,3,32.9
2017-09-10,204,0,6.4,33
2017-09-11,178,0,17.9,33.3
2017-09-12,187,0,13.1,32.9
2017-09-13,167,0,16,32.1
2017-09-14,170,0,1.2,33.7
2017-09-15,176,0,0.2,34.9
2017-09-16,177,0,0,36.4
2017-09-17,208,0,27.4,34.5
2017-09-18,195,0,33,32.3
2017-09-19,169,0,18.6,32.2
2017-09-20,190,0,8.1,32.4
2017-09-21,183,0,20.5,32.7
2017-09-22,182,0,5.8,34.3
2017-09-23,168,0,1.1,35.2
2017-09-24,163,0,0.2,35.9
2017-09-25,179,0,7.7,35.5
2017-09-26,215,0,9.5,34.8
2017-09-27,194,0,19.5,34
2017-09-28,169,0,11,33.2
2017-09-29,193,0,25.2,31.4
2017-09-30,202,0,5,32.5
2017-10-01,203,0,11.5,33.5
2017-10-02,198,0,5,33.2
2017-10-03,194,0,8.1,34
2017-10-04,159,0,0,35.3
2017-10-05,178,0,2.8,35.3
2017-10-06,199,0,2.9,33.7
2017-10-07,184,0,11.6,31.4
2017-10-08,179,0,40.2,29.9
2017-10-09,194,0,45,29.5
2017-10-10,184,0,1,33.2
2017-10-11,196,0,0,34.1
2017-10-12,187,0,0.5,34.3
2017-10-13,,,0,34.1
2017-10-14,158,0,0,33.9
2017-10-15,178,0,0.1,34.9
2017-10-16,176,0,0,34.6
2017-10-17,163,0,0.8,34.1
2017-10-18,,,13.2,32.6
2017-10-19,201,0,20.9,30.7
2017-10-20,119,0,58.2,29
2017-10-21,130,0,41.3,27.3
2017-10-22,175,0,0,28.6
2017-10-23,200,0,0.1,30.5
2017-10-24,206,0,0.3,31.2
2017-10-25,204,0,0.2,31.8
2017-10-26,190,0,0,30
2017-10-27,168,0,0,27.9
2017-10-28,185,0,0,28.7
2017-10-29,174,0,1.1,29.3
2017-10-30,164,0,0.8,25.7
2017-10-31,169,0,0,25.9
2017-11-01,164,0,0,26.4
2017-11-02,171,0,0,27.2
2017-11-03,161,0,0,28.1
2017-11-04,146,0,0,30
2017-11-05,191,0,0.2,30.5
2017-11-06,181,0,0,29
2017-11-07,188,0,0,27.9
2017-11-08,172,0,0,28
2017-11-09,180,0,0,27.6
2017-11-10,161,0,0,26.2
2017-11-11,175,0,0,26.7
2017-11-12,170,0,0,27
2017-11-13,173,0,0,28
2017-11-14,180,0,0,28.6
2017-11-15,136,0,6.2,27.4
2017-11-16,167,0,8,25.4
2017-11-17,161,0,16.5,28.3
2017-11-18,183,0,0.6,29.4
2017-11-19,187,0,0.2,29.7
2017-11-20,175,0,0,27.4
2017-11-21,172,0,0,25.9
2017-11-22,153,0,0,22.2
2017-11-23,168,0,0,20.9
2017-11-24,156,0,0,21.6
2017-11-25,164,0,0,21.4
2017-11-26,177,0,0,21.2
2017-11-27,165,0,0,22.2
2017-11-28,169,0,0,22.3
2017-11-29,170,0,0,21.3
2017-11-30,,,0,21.2
2017-12-01,165,0,0,21.2
2017-12-02,166,0,0,21.9
2017-12-03,168,0,0,20.7
2017-12-04,165,0,0,20.5
2017-12-05,168,0,0,21.8
2017-12-06,165,0,0,21.4
2017-12-07,168,0,0,21.7
2017-12-08,,,22.8,21.6
2017-12-09,167,0,31.1,24.9
2017-12-10,164,0,14.9,27.8
2017-12-11,135,0,0.9,27.3
2017-12-12,,,0,26.7
2017-12-13,163,0,0,25.5
2017-12-14,166,0,0,24.7
2017-12-15,158,0,0,22.5
2017-12-16,158,0,0,20.4
2017-12-17,166,0,0,20.2
2017-12-18,167,0,0,20.5
2017-12-19,167,0,0,20.2
2017-12-20,166,0,0,20.7
2017-12-21,167,0,0,21.5
2017-12-22,157,0,0,20.8
2017-12-23,166,0,0,21.4
2017-12-24,166,0,0,21
2017-12-25,163,0,0,20.4
2017-12-26,169,0,0,20.4
2017-12-27,,,0,21.2
2017-12-28,171,0,0,21.5
2017-12-29,154,0,0,21
2017-12-30,169,0,0,20.7
2017-12-31,165,0,0,21.1
2018-01-01,158,0,0,21.5
2018-01-02,166,0,0,21.7
2018-01-03,168,0,0,18.3
2018-01-04,167,0,0,16.1
2018-01-05,162,0,0,17.1
2018-01-06,164,0,0,16.2
2018-01-07,176,0,0,14.5
2018-01-08,179,0,0,14.2
2018-01-09,181,0,0,14.7
2018-01-10,154,0,0,15.3
2018-01-11,167,0,0,15.2
2018-01-12,166,0,0,16.1
2018-01-13,175,0,0,17
2018-01-14,170,0,0,18.1
2018-01-15,173,0,0,18.1
2018-01-16,174,0,0,17.5
2018-01-17,169,0,0,18.8
2018-01-18,185,0,0,18.9
2018-01-19,176,0,0,19.1
2018-01-20,178,0,0,18.6
2018-01-21,175,0,0,18.2
2018-01-22,177,0,0,18
2018-01-23,178,0,0,19.2
2018-01-24,177,0,0,20.3
2018-01-25,177,0,0,20.7
2018-01-26,160,0,0,19.5
2018-01-27,176,0,0,18.8
2018-01-28,176,0,0,17.3
2018-01-29,173,0,0,19
2018-01-30,172,0,0,19.4
2018-01-31,177,0,0,19.8
2018-02-01,172,0,0,21.6
2018-02-02,164,0,0,21.7
2018-02-03,172,0,0,22.9
2018-02-04,174,0,0,23
2018-02-05,172,0,0,24.7
2018-02-06,175,0,0,24.7
2018-02-07,178,0,0,24.5
2018-02-08,182,0,0,24.9
2018-02-09,171,0,0,25.1
2018-02-10,180,0,0,26.4
2018-02-11,179,0,0,22.5
2018-02-12,161,0,0,22
2018-02-13,172,0,0,23.3
2018-02-14,176,0,0,23.7
2018-02-15,168,0,0,22.9
2018-02-16,158,0,0,21.1
2018-02-17,174,0,0,22.1
2018-02-18,164,0,0,23.9
2018-02-19,168,0,0,24.7
2018-02-20,171,0,0,26
2018-02-21,176,0,0,26
2018-02-22,185,0,0,27.2
2018-02-23,172,0,0,26.9
2018-02-24,186,0,0,27.9
2018-02-25,179,0,0,28.1
2018-02-26,173,0,0.5,27.6
2018-02-27,183,0,0,27.9
2018-02-28,185,0,0,28.7
2018-03-01,183,0,0,29.1
2018-03-02,179,0,0,28.7
2018-03-03,197,0,0,29.3
2018-03-04,205,0,0,30.7
2018-03-05,180,0,2.1,30.6
2018-03-06,196,0,0,29.2
2018-03-07,181,0,0,27.5
2018-03-08,173,0,0,25.5
2018-03-09,170,0,0,26.3
2018-03-10,,,0,27
2018-03-11,184,0,0,27.1
2018-03-12,199,0,1.1,29
2018-03-13,189,0,1.7,30.1
2018-03-14,200,0,0,30.5
2018-03-15,204,0,0.4,30.6
2018-03-16,174,0,1.5,29.6
2018-03-17,183,0,0.8,29.7
2018-03-18,213,0,0.4,30.4
2018-03-19,202,0,0,30.6
2018-03-20,197,0,0,28.4
2018-03-21,198,0,0,29.8
2018-03-22,206,0,0,31.6
2018-03-23,195,0,0,31.4
2018-03-24,208,0,0,31.9
2018-03-25,215,0,0,34
2018-03-26,213,0,0.7,32.7
2018-03-27,183,0,3.6,31.6
2018-03-28,192,0,0,31.9
2018-03-29,213,0,0.1,31.4
2018-03-30,104,0,0.1,31.3
2018-03-31,180,0,9.6,30.4
2018-04-01,213,0,0,31.2
2018-04-02,189,0,0,30.5
2018-04-03,182,0,0.3,31.7
2018-04-04,174,0,0.9,31.9
2018-04-05,86,0,0.6,31.2
2018-04-06,177,0,3.3,31.7
2018-04-07,179,0,1.9,32.3
2018-04-08,214,0,1.6,31.2
2018-04-09,230,0,3.1,31.9
2018-04-10,180,0,1,32.1
2018-04-11,241,0,0.6,32.3
2018-04-12,198,0,0.7,32.6
2018-04-13,242,0,1.8,32.8
2018-04-14,220,0,2.5,32.9
2018-04-15,232,0,1,34.5
2018-04-16,258,0,0.8,34.5
2018-04-17,119,0,7.3,33.4
2018-04-18,200,0,2.3,33.1
2018-04-19,221,0,14.8,31.2
2018-04-20,201,0,0.8,33.8
2018-04-21,246,0,5,33.1
2018-04-22,152,0,4.8,33.9
2018-04-23,239,0,0.2,35.6
2018-04-24,256,0,0,35.6
2018-04-25,242,0,0.5,34.3
2018-04-26,,,6.7,33.8
2018-04-27,221,0,0.2,34.5
2018-04-28,233,0,0,33.9
2018-04-29,151,0,16.2,31.5
2018-04-30,145,0,89.8,29.1
2018-05-01,223,0,12.2,31.7
2018-05-02,119,0,2.4,31.7
2018-05-03,215,0,18.4,30.6
2018-05-04,184,0,9.1,31.6
2018-05-05,231,0,5.4,32.4
2018-05-06,246,0,0,32.8
2018-05-07,248,0,0,33.2
2018-05-08,223,0,0,33.5
2018-05-09,262,0,8.9,33.3
2018-05-10,206,0,16.3,33.4
2018-05-11,54,0,21.8,32.6
2018-05-12,236,0,18.6,31.6
2018-05-13,,,8.6,30.4
2018-05-14,201,0,18.9,30.4
2018-05-15,256,0,0.4,32.3
2018-05-16,213,0,18.5,32.3
2018-05-17,242,0,41.5,31.1
2018-05-18,197,0,15.4,31.1
2018-05-19,257,0,20.8,31.1
2018-05-20,212,0,13.3,33.2
2018-05-21,240,0,13.1,33
2018-05-22,261,0,12.5,33.6
2018-05-23,243,0,7.4,33.6
2018-05-24,244,0,13.7,33
2018-05-25,250,0,2.6,33.5
2018-05-26,261,0,0,34.5
2018-05-27,267,0,0.1,35.3
2018-05-28,267,0,0,35.4
2018-05-29,261,0,0.4,35.5
2018-05-30,275,0,0.5,35.8
2018-05-31,234,0,24.6,33.6
2018-06-01,242,0,15.4,34.2
2018-06-02,255,0,29.3,33.9
2018-06-03,266,0,2.9,34.1
2018-06-04,197,0,3.1,34.1
2018-06-05,263,0,9.4,34
2018-06-06,274,0,5.2,34.9
2018-06-07,262,0,4.9,35.3
2018-06-08,275,0,7,35.1
2018-06-09,210,0,18.3,35.4
2018-06-10,252,0,60.3,32.5
2018-06-11,233,0,50.3,32.6
2018-06-12,205,0,66.2,32.7
2018-06-13,249,0,9.2,34.8
2018-06-14,289,0,8.1,36.1
2018-06-15,272,0,21.2,36
2018-06-16,217,0,0,37.1
2018-06-17,258,0,0.6,36.9
2018-06-18,261,0,0.4,37
2018-06-19,233,0,9.5,36.6
2018-06-20,242,0,9.4,36.7
2018-06-21,257,0,7.8,35.1
2018-06-22,210,0,1.3,34.2
2018-06-23,260,0,13.9,32.8
2018-06-24,260,0,28.7,32.1
2018-06-25,238,0,40.7,33
2018-06-26,273,0,3.5,33.5
2018-06-27,255,0,4.2,31.3
2018-06-28,262,0,7.7,32.1
2018-06-29,262,0,6.4,32.4
2018-06-30,265,0,3.9,33.3
2018-07-01,273,0,12.9,33
2018-07-02,280,0,4.2,32.6
2018-07-03,255,0,14.4,32.3
2018-07-04,258,0,18.8,32.9
2018-07-05,269,0,13,33.6
2018-07-06,270,0,1,34.1
2018-07-07,270,0,0.9,33.4
2018-07-08,276,0,4,32.7
2018-07-09,281,0,6.4,32.8
2018-07-10,278,0,6.7,32.8
2018-07-11,250,0,0.2,33.5
2018-07-12,279,0,3.8,33.5
2018-07-13,251,0,5.3,33.5
2018-07-14,276,0,0.7,33.3
2018-07-15,279,0,6.7,32.1
2018-07-16,247,0,8.1,32
2018-07-17,274,0,8.2,33.1
2018-07-18,257,0,6.1,34.2
2018-07-19,282,0,0.2,37.3
2018-07-20,261,0,8.2,34.6
2018-07-21,257,0,12.5,31.3
2018-07-22,283,0,21.1,31.7
2018-07-23,272,0,9.5,32.5
2018-07-24,266,0,15,33.2
2018-07-25,245,0,14,32.2
2018-07-26,216,0,51.3,31.9
2018-07-27,255,0,10.7,33
2018-07-28,265,0,21.7,32.6
2018-07-29,272,0,14.5,32.8
2018-07-30,217,0,12.5,32.6
2018-07-31,,,5.6,32.6
2018-08-01,229,0,16.7,31.5
2018-08-02,242,0,2.4,32
2018-08-03,259,0,14.6,31.9
2018-08-04,196,0,12.2,33.6
2018-08-05,269,0,4.1,34.3
2018-08-06,241,0,11.7,33.2
2018-08-07,275,0,2.7,31.7
2018-08-08,291,0,1.2,32.7
2018-08-09,272,0,0.8,33.9
2018-08-10,272,0,0.9,34.3
2018-08-11,189,0,1.1,33.9
2018-08-12,260,0,7.1,33.1
2018-08-13,285,0,7,33.3
2018-08-14,271,0,0.8,33
2018-08-15,259,0,1.9,32.1
2018-08-16,270,0,11.5,32.8
2018-08-17,287,0,5.7,34.4
2018-08-18,291,0,0.4,35.8
2018-08-19,273,0,10.2,34.1
2018-08-20,254,0,7.5,31.5
2018-08-21,268,0,2.4,33.2
2018-08-22,258,0,4.1,33.9
2018-08-23,265,0,5.9,33.8
2018-08-24,275,0,7.2,33.7
2018-08-25,272,0,8.4,33
2018-08-26,266,0,1,33
2018-08-27,278,0,0.5,32.3
2018-08-28,284,0,6.1,32.1
2018-08-29,290,0,6.2,32.5
2018-08-30,276,0,6.1,33
2018-08-31,252,0,7.5,33.2
2018-09-01,249,0,12.9,32.1
2018-09-02,290,0,9.7,31.2
2018-09-03,257,0,6.8,32.8
2018-09-04,280,0,5.1,33.5
2018-09-05,263,0,6.4,32
2018-09-06,258,0,6.3,29.9
2018-09-07,255,0,4.2,31.3
2018-09-08,278,0,1.1,33.5
2018-09-09,260,0,1.2,33.8
2018-09-10,282,0,6.2,33.3
2018-09-11,270,0,4.7,33.1
2018-09-12,241,0,22,32.6
2018-09-13,263,0,6.1,34.3
2018-09-14,225,0,9,34.8
2018-09-15,293,0,2,36.3
2018-09-16,291,0,9.8,35.6
2018-09-17,272,0,0.3,36.2
2018-09-18,,,0.2,37.1
2018-09-19,299,0,9.9,36.2
2018-09-20,152,0,11.2,32
2018-09-21,238,0,21.7,30.7
2018-09-22,266,0,6.5,33.4
2018-09-23,258,0,0.3,34.9
2018-09-24,277,0,1.6,33.7
2018-09-25,268,0,10.9,33.9
2018-09-26,280,0,2.7,34.6
2018-09-27,259,0,2.4,34.8
2018-09-28,284,0,1.4,36
2018-09-29,273,0,0,36.4
2018-09-30,280,0,1,35.7
2018-10-01,267,0,0,35.1
2018-10-02,267,0,0,34.2
2018-10-03,290,0,0,33.6
2018-10-04,269,0,0,34.8
2018-10-05,271,0,0,34.1
2018-10-06,257,0,0,33.9
2018-10-07,273,0,0,33.4
2018-10-08,270,0,0,33
2018-10-09,210,0,0.5,30.6
2018-10-10,224,0,45,28.7
2018-10-11,213,0,32.7,28.3
2018-10-12,214,0,13.6,30.3
2018-10-13,214,0,38.8,29.2
2018-10-14,211,0,0.7,30.5
2018-10-15,220,0,0,31
2018-10-16,218,0,0,31.1
2018-10-17,212,0,0,31.1
2018-10-18,211,0,0,29.9
2018-10-19,193,0,0,31.3
2018-10-20,239,0,0,32.2
2018-10-21,233,0,0,31.9
2018-10-22,230,0,0,31.9
2018-10-23,233,0,0,30.6
2018-10-24,223,0,0.1,30.1
2018-10-25,208,0,0,28.4
2018-10-26,196,0,0,26.4
2018-10-27,195,0,0,27.5
2018-10-28,189,0,6.7,26.9
2018-10-29,187,0,16.3,27
2018-10-30,195,0,15.2,26.2
2018-10-31,207,0,23.9,25.9
2018-11-01,217,0,0,28.6
2018-11-02,204,0,0.8,29.1
2018-11-03,224,0,0.3,29.8
2018-11-04,216,0,0.4,30
2018-11-05,203,0,0.3,30.3
2018-11-06,220,0,0.2,30.3
2018-11-07,211,0,0.1,29.1
2018-11-08,205,0,0,27.7
2018-11-09,189,0,0,26.9
2018-11-10,180,0,0,26.8
2018-11-11,202,0,0,26.1
2018-11-12,206,0,0,26.3
2018-11-13,201,0,0,27
2018-11-14,195,0,0,27.4
2018-11-15,198,0,0,27.8
2018-11-16,172,0,0,27.5
2018-11-17,210,0,0,28.3
2018-11-18,205,0,0,27.7
2018-11-19,202,0,0,25.5
2018-11-20,198,0,0,26.2
2018-11-21,180,0,0,25.6
2018-11-22,195,0,0,23.8
2018-11-23,183,0,0,23.8
2018-11-24,193,0,0,24.2
2018-11-25,198,0,0,24
2018-11-26,205,0,0,23.8
2018-11-27,205,0,0,24.4
2018-11-28,187,0,0,24.2
2018-11-29,193,0,0,24
2018-11-30,177,0,0,23.9
2018-12-01,205,0,0,22.8
2018-12-02,172,0,0,23.3
2018-12-03,179,0,0,22
2018-12-04,200,0,0,21.1
2018-12-05,197,0,0,20.9
2018-12-06,194,0,0,21.6
2018-12-07,184,0,0,20.6
2018-12-08,196,0,0,19.8
2018-12-09,203,0,0,19.9
2018-12-10,535,0,0,19.5
2018-12-11,201,0,0,20.4
2018-12-12,192,0,0,22.5
2018-12-13,193,0,0,22
2018-12-14,189,0,0,22.3
2018-12-15,196,0,0,21.1
2018-12-16,191,0,0,21.7
2018-12-17,202,0,1.7,21.2
2018-12-18,191,0,9.4,19.7
2018-12-19,196,0,0,18.2
2018-12-20,199,0,0,18.2
2018-12-21,185,0,0,18
2018-12-22,201,0,0,18
2018-12-23,198,0,0,18.4
2018-12-24,207,0,0,18.4
2018-12-25,199,0,0,18.2
2018-12-26,197,0,0,16.8
2018-12-27,197,0,0,16.4
2018-12-28,187,0,0,15.9
2018-12-29,188,0,0,14.1
2018-12-30,181,0,0,16.4
2018-12-31,185,0,0,18.2
2019-01-01,194,0,0,18.9
2019-01-02,206,0,0,19.1
2019-01-03,203,0,0,18.3
2019-01-04,194,0,0,16.9
2019-01-05,207,0,0,17.5
2019-01-06,203,0,0,18.2
2019-01-07,195,0,0,18.8
2019-01-08,202,0,0,18.5
2019-01-09,188,0,0,18.6
2019-01-10,201,0,0,19
2019-01-11,191,0,0,17.3
2019-01-12,209,0,0,17.6
2019-01-13,206,0,0,18.9
2019-01-14,201,0,0,18.9
2019-01-15,206,0,0,19
2019-01-16,200,0,0,17.6
2019-01-17,205,0,0,18.8
2019-01-18,199,0,0,19.2
2019-01-19,203,0,0,19.2
2019-01-20,205,0,0,18.9
2019-01-21,220,0,0,19.7
2019-01-22,215,0,0,20.5
2019-01-23,197,0,0,22.2
2019-01-24,,,0,21.7
2019-01-25,203,0,0,22.3
2019-01-26,220,0,0,23.1
2019-01-27,164,0,0,23.2
2019-01-28,197,0,0.4,22.2
2019-01-29,204,0,0,20.5
2019-01-30,181,0,0,17
2019-01-31,167,0,0,18.4
2019-02-01,205,0,0,20.1
2019-02-02,203,0,0,20.7
2019-02-03,201,0,0,21
2019-02-04,200,0,0,20.1
2019-02-05,197,0,0,19.2
2019-02-06,192,0,0,20.1
2019-02-07,198,0,0,22.5
2019-02-08,184,0,0,23.6
2019-02-09,204,0,0,23.6
2019-02-10,199,0,0,21
2019-02-11,209,0,0,18.9
2019-02-12,201,0,0,20.1
2019-02-13,198,0,0,22.1
2019-02-14,198,0,0,23.1
2019-02-15,188,0,0,24
2019-02-16,203,0,0,22.4
2019-02-17,200,0,3.2,22.1
2019-02-18,198,0,0.1,23.9
2019-02-19,202,0,0,24.8
2019-02-20,204,0,0.3,26.5
2019-02-21,195,0,0,27.2
2019-02-22,202,0,0,27.9
2019-02-23,224,0,0,29.5
2019-02-24,217,0,0,29.1
2019-02-25,153,0,6.3,26
2019-02-26,108,0,11.2,25.4
2019-02-27,138,0,1.3,25.1
2019-02-28,156,0,14.8,23.3
2019-03-01,183,0,0,22.1
2019-03-02,,,0,19.5
2019-03-03,200,0,0,21.2
2019-03-04,199,0,0.3,24.8
2019-03-05,197,0,12.9,24.7
2019-03-06,203,0,0.3,26.6
2019-03-07,211,0,0.1,26.6
2019-03-08,188,0,0,25.1
2019-03-09,201,0,0,25.4
2019-03-10,216,0,0,26.5
2019-03-11,201,0,0.8,28.9
2019-03-12,215,0,0,29.9
2019-03-13,230,0,0.3,31.2
2019-03-14,246,0,0,32
2019-03-15,241,0,0.2,32.8
2019-03-16,241,0,0.4,31.8
2019-03-17,230,0,0.1,31.7
2019-03-18,219,0,0.1,28
2019-03-19,233,0,0.2,28.3
2019-03-20,164,0,0,29.7
2019-03-21,229,0,0,30.7
2019-03-22,228,0,2.2,31.8
2019-03-23,233,0,0,32
2019-03-24,199,0,0,30.4
2019-03-25,255,0,0,29.5
2019-03-26,195,0,0,30.3
2019-03-27,237,0,0.5,28.7
2019-03-28,249,0,0,30.9
2019-03-29,239,0,0,31.4
2019-03-30,242,0,1.1,31.5
2019-03-31,126,0,6,32.6
2019-04-01,248,0,13.3,31.4
2019-04-02,254,0,27.2,29.2
2019-04-03,242,0,4.9,29.5
2019-04-04,255,0,0.8,30.5
2019-04-05,254,0,7.4,30.7
2019-04-06,269,0,1.9,32
2019-04-07,253,0,8.5,30.4
2019-04-08,221,0,9.2,30.9
2019-04-09,65,0,43,29.4
2019-04-10,237,0,7.9,30.7
2019-04-11,253,0,2.7,31.6
2019-04-12,262,0,2.1,32.5
2019-04-13,54,0,2.9,33.9
2019-04-14,255,0,0,34.3
2019-04-15,276,0,0,34.1
2019-04-16,286,0,0,35.1
2019-04-17,271,0,6.7,34.2
2019-04-18,267,0,0,33
2019-04-19,262,0,3.2,33.3
2019-04-20,268,0,0,33.1
2019-04-21,277,0,0,33.9
2019-04-22,258,0,2.8,33.3
2019-04-23,271,0,0,33.6
2019-04-24,231,0,0.1,34.8
2019-04-25,275,0,0,35.2
2019-04-26,283,0,0.1,34.9
2019-04-27,299,0,0,35.8
2019-04-28,280,0,0.2,35.1
2019-04-29,277,0,0,34.6
2019-04-30,262,0,0,34
2019-05-01,292,0,0.6,34.7
2019-05-02,305,0,1.1,35.2
2019-05-03,60,0,20.2,32.5
2019-05-04,152,0,15.1,30.2
2019-05-05,258,0,0.4,33.3
2019-05-06,285,0,0,35.3
2019-05-07,320,0,0,35.2
2019-05-08,311,0,0,35.4
2019-05-09,314,0,0,35.4
2019-05-10,296,0,0,35.8
2019-05-11,291,0,0,35.9
2019-05-12,298,0,0,36.3
2019-05-13,295,0,1.8,36.1
2019-05-14,304,0,10.2,35.4
2019-05-15,249,0,21.8,35
2019-05-16,333,0,3.7,35.3
2019-05-17,239,0,0,35.3
2019-05-18,334,0,0,35.7
2019-05-19,318,0,0,37.1
2019-05-20,341,0,0,37.5
2019-05-21,353,0,0,37.3
2019-05-22,325,0,0,36
2019-05-23,352,0,1.2,35.5
2019-05-24,346,0,2.9,34.4
2019-05-25,297,0,2.3,35.2
2019-05-26,,,0.5,36.5
2019-05-27,354,0,0,37.3
2019-05-28,353,0,0,36.8
2019-05-29,357,0,0.1,37.1
2019-05-30,350,0,0,36.5
2019-05-31,337,0,0.4,35.9
2019-06-01,352,0,5.3,35.5
2019-06-02,294,0,5.3,34.9
2019-06-03,305,0,9.9,33.6
2019-06-04,247,0,25.7,33.6
2019-06-05,249,0,18.8,32.2
2019-06-06,289,0,28.4,32
2019-06-07,253,0,15.8,32.5
2019-06-08,310,0,17.5,33.1
2019-06-09,336,0,3.2,34.1
2019-06-10,349,0,0.6,34.7
2019-06-11,351,0,0.3,35.7
2019-06-12,349,0,0,36.5
2019-06-13,351,0,0.7,38.6
2019-06-14,334,0,5.1,36.1
2019-06-15,309,0,20.7,35.2
2019-06-16,344,0,0.5,35.8
2019-06-17,351,0,0.3,36.5
2019-06-18,351,0,5.8,37.5
2019-06-19,351,0,7,36.6
2019-06-20,350,0,7.1,34.6
2019-06-21,324,0,14.8,34.1
2019-06-22,322,0,1.6,34.4
2019-06-23,334,0,0.4,35.9
2019-06-24,357,0,0.6,36
2019-06-25,348,0,0,36
2019-06-26,334,0,0.2,35.8
2019-06-27,336,0,0.6,34.9
2019-06-28,313,0,19.5,35.2
2019-06-29,349,0,7.3,35.8
2019-06-30,322,0,4.7,35.4
2019-07-01,309,0,7.1,33.1
2019-07-02,326,0,11,32.3
2019-07-03,291,0,9.9,33.3
2019-07-04,288,0,7.6,34.5
2019-07-05,317,0,6.5,34.1
2019-07-06,309,0,4.6,32.5
2019-07-07,308,0,13.1,33
2019-07-08,319,0,25.7,32.6
2019-07-09,280,0,34.5,32.1
2019-07-10,314,0,7.9,32.5
2019-07-11,307,0,23.5,32.6
2019-07-12,291,0,12.8,32
2019-07-13,254,0,10.4,33.3
2019-07-14,279,0,4.3,35.1
2019-07-15,312,0,3.3,35.5
2019-07-16,317,0,1.8,36.5
2019-07-17,337,0,1.7,36.3
2019-07-18,334,0,1.8,36.1
2019-07-19,320,0,1.5,35
2019-07-20,342,0,0.8,35.6
2019-07-21,316,0,2.2,35.3
2019-07-22,342,0,1.4,34.6
2019-07-23,327,0,6.1,34.2
2019-07-24,337,0,4.3,33.9
2019-07-25,324,0,12.4,34.3
2019-07-26,317,0,12.3,32.9
2019-07-27,313,0,9.6,32
2019-07-28,296,0,4.7,31.2
2019-07-29,309,0,7.8,32.2
2019-07-30,305,0,5.9,32.9
2019-07-31,297,0,6.5,33.4
2019-08-01,327,0,5.5,33.7
2019-08-02,313,0,1.5,33.4
2019-08-03,339,0,2.6,34.3
2019-08-04,351,0,2.9,35.3
2019-08-05,334,0,6.4,36.9
2019-08-06,274,0,1.8,34
2019-08-07,246,0,8,30.5
2019-08-08,329,0,20.4,31.4
2019-08-09,313,0,5.9,33.2
2019-08-10,294,0,1.2,36
2019-08-11,339,0,2.1,37
2019-08-12,321,0,15.9,33.7
2019-08-13,275,0,23.3,30.8
2019-08-14,336,0,8.1,32.2
2019-08-15,330,0,20.6,33.2
2019-08-16,319,0,22,33.5
2019-08-17,323,0,24.3,32.4
2019-08-18,340,0,9.6,32.4
2019-08-19,338,0,2.2,33.9
2019-08-20,346,0,1.4,34.8
2019-08-21,351,0,0.7,35.6
2019-08-22,356,0,13.5,35.1
2019-08-23,338,0,7.5,33.4
2019-08-24,337,0,12.8,32
2019-08-25,334,0,8,32.3
2019-08-26,346,0,8.5,33.2
2019-08-27,352,0,2,33.6
2019-08-28,361,0,1.2,33.7
2019-08-29,353,0,2.4,34.1
2019-08-30,354,0,0.5,35.5
2019-08-31,359,0,0.2,35.8
2019-09-01,353,0,11.7,35.3
2019-09-02,350,0,6.1,34.3
2019-09-03,339,0,2.8,32.7
2019-09-04,329,0,3.2,32.7
2019-09-05,,,2.1,32.5
2019-09-06,335,0,1.2,32.5
2019-09-07,336,0,7.2,32.3
2019-09-08,289,0,7.3,32.5
2019-09-09,343,0,14.8,32.6
2019-09-10,331,0,6.7,33
2019-09-11,329,0,7.1,32.5
2019-09-12,288,0,29.1,30.8
2019-09-13,323,0,9.6,31.5
2019-09-14,334,0,0.6,33.3
2019-09-15,344,0,1.1,34.6
2019-09-16,343,0,1.4,34.3
2019-09-17,334,0,0,35.2
2019-09-18,353,0,0.7,35.4
2019-09-19,319,0,0.3,36.1
2019-09-20,331,0,2.3,35.7
2019-09-21,337,0,1.4,35.5
2019-09-22,306,0,8.3,35
2019-09-23,,,3.2,33.2
2019-09-24,299,0,13.9,32.1
2019-09-25,304,0,23.2,31.5
2019-09-26,304,0,1.4,31.7
2019-09-27,292,0,19,30
2019-09-28,285,0,2.4,31.7
2019-09-29,260,0,7.1,31.6
2019-09-30,284,0,15.4,31.9
2019-10-01,279,0,8.9,31.5
2019-10-02,330,0,8.5,32
2019-10-03,293,0,9,32.5
2019-10-04,299,0,6.2,33
2019-10-05,331,0,0.6,34
2019-10-06,297,0,9.7,33.4
2019-10-07,297,0,12.3,32.7
2019-10-08,296,0,1.4,32.8
2019-10-09,283,0,8.3,31.5
2019-10-10,273,0,10.1,30.3
2019-10-11,291,0,4.7,31.5
2019-10-12,305,0,0,32.3
2019-10-13,284,0,0,31.9
2019-10-14,291,0,0,31.4
2019-10-15,320,0,0,31.6
2019-10-16,291,0,10.2,33.1
2019-10-17,315,0,0,33.5
2019-10-18,318,0,0,34.2
2019-10-19,333,0,0.2,34.5
2019-10-20,325,0,0.3,34.3
2019-10-21,315,0,0.8,33.7
2019-10-22,322,0,0.5,33.5
2019-10-23,246,0,6.5,33.6
2019-10-24,254,0,2.3,28.7
2019-10-25,198,0,7.5,28.7
2019-10-26,264,0,13.3,30.6
2019-10-27,270,0,0,30.8
2019-10-28,265,0,0,29
2019-10-29,252,0,0,28.9
2019-10-30,270,0,0,29.1
2019-10-31,260,0,0,29.5
2019-11-01,259,0,0,29.1
2019-11-02,286,0,0,29.3
2019-11-03,269,0,0,30.3
2019-11-04,263,0,0,30.9
2019-11-05,259,0,0,30.3
2019-11-06,262,0,0,29.6
2019-11-07,265,0,0,29
2019-11-08,203,0,24.2,29.5
2019-11-09,185,0,24.4,27.5
2019-11-10,7,0,141.5,26.1
2019-11-11,134,0,0,28.1
2019-11-12,176,0,0,28.1
2019-11-13,186,0,0,26.9
2019-11-14,207,0,0,27.2
2019-11-15,187,0,0,27.5
2019-11-16,206,0,0,28.1
2019-11-17,203,0,0,27.4
2019-11-18,210,0,0,26.9
2019-11-19,205,0,0,27.6
2019-11-20,216,0,0,24.5
2019-11-21,208,0,0,24.1
2019-11-22,201,0,0,25.2
2019-11-23,210,0,0,26.4
2019-11-24,216,0,0,26.1
2019-11-25,219,0,0,26.3
2019-11-26,221,0,0,27
2019-11-27,221,0,0,25.9
2019-11-28,230,0,0,26.1
2019-11-29,214,0,0,26.3
2019-11-30,228,0,0,26.1
2019-12-01,215,0,0,24.9
2019-12-02,210,0,0,22.7
2019-12-03,222,0,0,21.7
2019-12-04,210,0,0,21.1
2019-12-05,221,0,0,23.1
2019-12-06,213,0,0,24.6
2019-12-07,226,0,0,23.3
2019-12-08,231,0,0,24.5
2019-12-09,234,0,0,24.6
2019-12-10,225,0,0,23
2019-12-11,221,0,0,23.4
2019-12-12,225,0,0,22.5
2019-12-13,218,0,0,22.5
2019-12-14,228,0,0,23.3
2019-12-15,215,0,0,22.9
2019-12-16,211,0,0,22.5
2019-12-17,221,0,0,22.1
2019-12-18,222,0,0,20.2
2019-12-19,223,0,0,17.6
2019-12-20,227,0,0,16.9
2019-12-21,231,0,0,17.3
2019-12-22,232,0,0,18
2019-12-23,217,0,0,19
2019-12-24,227,0,0,18.5
2019-12-25,222,0,0,18.1
2019-12-26,217,0,2.2,18.5
2019-12-27,190,0,3.8,18.3
2019-12-28,233,0,0,16.7
2019-12-29,224,0,0,17.8
2019-12-30,228,0,0,18.9
2019-12-31,228,0,0,19.7
